Metric,p50,p95,p99,Throughput,MemoryMB
Single Query Latency,37.4668,49.34582,49.400687,,
Throughput 10,135.608268,171.821207,171.821207,58.163959012230336,
Throughput 50,159.586639,197.710161,199.02612,251.0540126138574,
Throughput 100,151.195469,194.085651,198.749696,501.98873882638327,
Memory Traversal,,,,31.38424738754225
Ingestion,,,,33.89168291414458,
Complexity Simple,34.357171,49.483191,49.483191,,
Complexity Multi-hop,174.45344,198.515187,198.515187,,
Complexity Deep-chain,415.705314,495.802668,495.802668,,
