{
  "p50": 0.05012799999999373,
  "p95": 0.2792910000000006,
  "throughput": 8769.328257178468,
  "errorRate": 0
}