{
  "p50": 0.03663199999999733,
  "p95": 0.23549900000000434,
  "throughput": 7739.022216333665,
  "errorRate": 0
}