{
  "p50": 0.054681999999999675,
  "p95": 0.24915999999999627,
  "throughput": 8805.650832697587,
  "errorRate": 0
}