{
  "tdt_p50_seconds": 0.04234170913696289,
  "tdt_p95_seconds": 0.0443572998046875,
  "accuracy_at_k": 1.0,
  "total_queries": 6
}