{
  "summary": {
    "avg_precision": 0.7547619047619047,
    "avg_recall": 0.8380952380952381,
    "avg_f1": 0.7904761904761904,
    "avg_mrr": 1.0,
    "avg_ndcg": 0.8530264383416615,
    "total_queries": 3
  },
  "query_results": [
    {
      "query_id": "q1",
      "metrics": {
        "precision": 0.7142857142857143,
        "recall": 0.7142857142857143,
        "f1": 0.7142857142857143,
        "mrr": 1.0,
        "ndcg": 0.7286594176617927
      }
    },
    {
      "query_id": "q2",
      "metrics": {
        "precision": 0.8,
        "recall": 0.8,
        "f1": 0.8000000000000002,
        "mrr": 1.0,
        "ndcg": 0.830419897363192
      }
    },
    {
      "query_id": "q3",
      "metrics": {
        "precision": 0.75,
        "recall": 1.0,
        "f1": 0.8571428571428571,
        "mrr": 1.0,
        "ndcg": 1.0
      }
    }
  ]
}